Round,ConsensusScore
0,0.4918197071175098
1,0.500292502299871
2,0.5047726639687379
3,0.5066056244968407
4,0.5068678952395523
5,0.5034424495429608
6,0.5008249554135438
7,0.505909193992774
8,0.5156932040026546
9,0.5073180021443204
10,0.5134257493115979
11,0.504351583984261
12,0.5114279432018571
13,0.5173567634353546
14,0.5196871117215542
15,0.5204535883980057
16,0.514609925110044
17,0.5115860880487555
18,0.5214367967907623
19,0.5296116487155443
